[{"model": "store.artist", "pk": 2, "fields": {"name": "Francis Cabral"}}, {"model": "store.artist", "pk": 4, "fields": {"name": "Elijay"}}, {"model": "store.artist", "pk": 5, "fields": {"name": "Rosana"}}, {"model": "store.artist", "pk": 6, "fields": {"name": "Maria Dolores Pradera"}}, {"model": "store.artist", "pk": 9, "fields": {"name": "Oumou Sangare"}}, {"model": "store.artist", "pk": 13, "fields": {"name": "Sona Diabate"}}, {"model": "store.artist", "pk": 14, "fields": {"name": "Amadou & Mariam"}}, {"model": "store.artist", "pk": 15, "fields": {"name": "Salif Keita"}}, {"model": "store.artist", "pk": 16, "fields": {"name": "Coumba Sidibe"}}, {"model": "store.artist", "pk": 17, "fields": {"name": "Ismael Lo"}}, {"model": "store.artist", "pk": 18, "fields": {"name": "Youssou Ndour"}}, {"model": "store.artist", "pk": 22, "fields": {"name": "Amical cabral"}}, {"model": "store.artist", "pk": 23, "fields": {"name": "Rene Dumont"}}, {"model": "store.artist", "pk": 24, "fields": {"name": "Tibor Mende"}}, {"model": "store.artist", "pk": 25, "fields": {"name": "Albert Enstein"}}, {"model": "store.artist", "pk": 28, "fields": {"name": "Phil Collins"}}, {"model": "store.artist", "pk": 29, "fields": {"name": "Aloe Black"}}, {"model": "store.artist", "pk": 30, "fields": {"name": "Elon Must"}}, {"model": "store.contact", "pk": 1, "fields": {"email": "byoussouf228@gmail.com", "name": "saragone"}}, {"model": "store.contact", "pk": 6, "fields": {"email": "youssouf1.bamba@uvci.edu.ci", "name": "youssouf"}}, {"model": "store.contact", "pk": 7, "fields": {"email": "yabakoba@gmail.com", "name": "Kwameh Nkurumah"}}, {"model": "store.contact", "pk": 8, "fields": {"email": "traore@icloud.com", "name": "aminata"}}, {"model": "store.contact", "pk": 9, "fields": {"email": "diouf@gmail.com", "name": "pape diouf"}}, {"model": "store.contact", "pk": 10, "fields": {"email": "wjqhbg@fwe.efo", "name": "bqbq"}}, {"model": "store.contact", "pk": 11, "fields": {"email": "toure@gmail.com", "name": "toure"}}, {"model": "store.contact", "pk": 12, "fields": {"email": "henry@gmail.com", "name": "henry"}}, {"model": "store.album", "pk": 1, "fields": {"reference": 1, "created_at": "2018-11-19T22:33:06.686Z", "available": true, "title": "Sarbacane", "picture": "/home/soundiata/Bureau/Francis Cabrel.jpg", "artists": [2]}}, {"model": "store.album", "pk": 2, "fields": {"reference": 2, "created_at": "2018-11-19T22:54:28.703Z", "available": true, "title": "La Dalle", "picture": "https://studiosol-a.akamaihd.net/uploadfile/letras/fotos/8/3/e/9/83e904316aabc5d91ffb5056e6d4e706.jpg", "artists": [4]}}, {"model": "store.album", "pk": 3, "fields": {"reference": null, "created_at": "2018-11-19T23:01:04.941Z", "available": true, "title": "Luna Nueva", "picture": "", "artists": [5]}}, {"model": "store.album", "pk": 4, "fields": {"reference": null, "created_at": "2018-11-19T23:07:27.114Z", "available": false, "title": "Luna Nueva", "picture": "", "artists": [6]}}, {"model": "store.album", "pk": 7, "fields": {"reference": 7, "created_at": "2018-11-23T23:02:36.395Z", "available": false, "title": "Mogoya", "picture": "https://encrypted-tbn0.gstatic.com/images?q=tbn:ANd9GcSCDI7cG_OPWzuhPUzee6BEZizGVphg5oe1LWkE03PhNbFSDHs9", "artists": [9]}}, {"model": "store.album", "pk": 12, "fields": {"reference": 12, "created_at": "2018-12-04T21:57:34.802Z", "available": true, "title": "Gambia", "picture": "https://encrypted-tbn0.gstatic.com/images?q=tbn:ANd9GcQ6kST8g4YQnD2m9SXNQb_JIHVzZvc9a-k3JcJS7FavxS4iovMCHQ", "artists": [13]}}, {"model": "store.album", "pk": 14, "fields": {"reference": null, "created_at": "2018-12-08T19:13:09.366Z", "available": false, "title": "kouna saibai", "picture": "", "artists": [14]}}, {"model": "store.album", "pk": 16, "fields": {"reference": null, "created_at": "2018-12-08T21:26:19.948Z", "available": false, "title": "Moussolou", "picture": "", "artists": [15]}}, {"model": "store.album", "pk": 19, "fields": {"reference": null, "created_at": "2018-12-10T22:25:10.197Z", "available": false, "title": "Dakan", "picture": "", "artists": [16]}}, {"model": "store.album", "pk": 20, "fields": {"reference": null, "created_at": "2018-12-10T22:30:42.827Z", "available": false, "title": "Tadjibone", "picture": "", "artists": [17]}}, {"model": "store.album", "pk": 21, "fields": {"reference": 21, "created_at": "2018-12-17T01:33:48.166Z", "available": true, "title": "Birma", "picture": "https://www.jumia.ci/fashion-boubou-a-capuche-homme-jauneblanc-6910284.html", "artists": [18]}}, {"model": "store.album", "pk": 27, "fields": {"reference": null, "created_at": "2018-12-22T22:46:59.264Z", "available": true, "title": "Utopie ou la mort", "picture": " http://img.over-blog-kiwi.com/300x300/1/17/72/96/20160520/ob_f41fe3_utopie11.jpg", "artists": [23]}}, {"model": "store.album", "pk": 28, "fields": {"reference": null, "created_at": "2019-01-12T23:39:35.001Z", "available": false, "title": "Citation", "picture": "file:///home/soundiata/Images/1814-600x420.jpg", "artists": [25]}}, {"model": "store.album", "pk": 30, "fields": {"reference": null, "created_at": "2019-03-04T18:26:34.003Z", "available": true, "title": "Another day in paradise", "picture": "/", "artists": [28]}}, {"model": "store.album", "pk": 31, "fields": {"reference": 31, "created_at": "2019-03-05T13:40:25.569Z", "available": true, "title": "wake me up", "picture": "http://www.okayplayer.com/wp-content/uploads/2013/10/aloe-blacc-wake-me-up-video-lead.jpg", "artists": [29]}}, {"model": "store.album", "pk": 33, "fields": {"reference": 33, "created_at": "2019-03-06T19:44:27.030Z", "available": true, "title": "spaceX", "picture": "https://encrypted-tbn0.gstatic.com/images?q=tbn:ANd9GcRFY39inhiA75Uji9ANNn0Akvm2sDpsUvSkOgQ5RC7KluVgbLmQ", "artists": [30]}}, {"model": "store.booking", "pk": 10, "fields": {"created_at": "2018-12-16T00:04:49.296Z", "contacted": false, "album": 7, "contact": 6}}, {"model": "store.booking", "pk": 11, "fields": {"created_at": "2019-03-04T15:34:07.338Z", "contacted": false, "album": 28, "contact": 8}}, {"model": "store.booking", "pk": 12, "fields": {"created_at": "2019-03-04T17:41:15.134Z", "contacted": false, "album": 21, "contact": 9}}, {"model": "store.booking", "pk": 13, "fields": {"created_at": "2019-03-08T03:01:46.620Z", "contacted": false, "album": 12, "contact": 10}}, {"model": "store.booking", "pk": 14, "fields": {"created_at": "2019-03-08T17:41:05.818Z", "contacted": false, "album": 3, "contact": 11}}, {"model": "store.booking", "pk": 15, "fields": {"created_at": "2019-03-08T17:51:31.367Z", "contacted": false, "album": 2, "contact": 12}}]