[{"model": "store.artist", "pk": 2, "fields": {"name": "Francis Cabral"}}, {"model": "store.artist", "pk": 4, "fields": {"name": "Elijay"}}, {"model": "store.artist", "pk": 5, "fields": {"name": "Rosana"}}, {"model": "store.artist", "pk": 6, "fields": {"name": "Maria Dolores Pradera"}}, {"model": "store.artist", "pk": 9, "fields": {"name": "Oumou Sangare"}}, {"model": "store.artist", "pk": 13, "fields": {"name": "Sona Diabate"}}, {"model": "store.artist", "pk": 14, "fields": {"name": "Amadou & Mariam"}}, {"model": "store.artist", "pk": 15, "fields": {"name": "Salif Keita"}}, {"model": "store.artist", "pk": 16, "fields": {"name": "Coumba Sidibe"}}, {"model": "store.artist", "pk": 17, "fields": {"name": "Ismael Lo"}}, {"model": "store.artist", "pk": 18, "fields": {"name": "Youssou Ndour"}}, {"model": "store.artist", "pk": 22, "fields": {"name": "Amical cabral"}}, {"model": "store.artist", "pk": 23, "fields": {"name": "Rene Dumont"}}, {"model": "store.artist", "pk": 24, "fields": {"name": "Tibor Mende"}}, {"model": "store.artist", "pk": 25, "fields": {"name": "Albert Enstein"}}, {"model": "store.artist", "pk": 28, "fields": {"name": "Phil Collins"}}, {"model": "store.artist", "pk": 29, "fields": {"name": "Aloe Black"}}, {"model": "store.artist", "pk": 30, "fields": {"name": "Elon Must"}}, {"model": "store.contact", "pk": 1, "fields": {"email": "byoussouf228@gmail.com", "name": "saragone"}}, {"model": "store.contact", "pk": 6, "fields": {"email": "youssouf1.bamba@uvci.edu.ci", "name": "youssouf"}}, {"model": "store.contact", "pk": 7, "fields": {"email": "yabakoba@gmail.com", "name": "Kwameh Nkurumah"}}, {"model": "store.contact", "pk": 8, "fields": {"email": "traore@icloud.com", "name": "aminata"}}, {"model": "store.contact", "pk": 9, "fields": {"email": "diouf@gmail.com", "name": "pape diouf"}}, {"model": "store.contact", "pk": 10, "fields": {"email": "wjqhbg@fwe.efo", "name": "bqbq"}}, {"model": "store.contact", "pk": 11, "fields": {"email": "toure@gmail.com", "name": "toure"}}, {"model": "store.contact", "pk": 12, "fields": {"email": "henry@gmail.com", "name": "henry"}}, {"model": "store.album", "pk": 1, "fields": {"reference": 1, "created_at": "2018-11-19T22:33:06.686Z", "available": true, "title": "Sarbacane", "picture": "/home/soundiata/Bureau/Francis Cabrel.jpg", "artists": [2]}}, {"model": "store.album", "pk": 2, "fields": {"reference": 2, "created_at": "2018-11-19T22:54:28.703Z", "available": true, "title": "La Dalle", "picture": "https://studiosol-a.akamaihd.net/uploadfile/letras/fotos/8/3/e/9/83e904316aabc5d91ffb5056e6d4e706.jpg", "artists": [4]}}, {"model": "store.album", "pk": 3, "fields": {"reference": null, "created_at": "2018-11-19T23:01:04.941Z", "available": true, "title": "Luna Nueva", "picture": "", "artists": [5]}}, {"model": "store.album", "pk": 4, "fields": {"reference": null, "created_at": "2018-11-19T23:07:27.114Z", "available": false, "title": "Luna Nueva", "picture": "", "artists": [6]}}, {"model": "store.album", "pk": 7, "fields": {"reference": 7, "created_at": "2018-11-23T23:02:36.395Z", "available": false, "title": "Mogoya", "picture": "https://encrypted-tbn0.gstatic.com/images?q=tbn:ANd9GcSCDI7cG_OPWzuhPUzee6BEZizGVphg5oe1LWkE03PhNbFSDHs9", "artists": [9]}}, {"model": "store.album", "pk": 12, "fields": {"reference": 12, "created_at": "2018-12-04T21:57:34.802Z", "available": true, "title": "Gambia", "picture": "https://encrypted-tbn0.gstatic.com/images?q=tbn:ANd9GcQ6kST8g4YQnD2m9SXNQb_JIHVzZvc9a-k3JcJS7FavxS4iovMCHQ", "artists": [13]}}, {"model": "store.album", "pk": 14, "fields": {"reference": null, "created_at": "2018-12-08T19:13:09.366Z", "available": false, "title": "kouna saibai", "picture": "", "artists": [14]}}, {"model": "store.album", "pk": 16, "fields": {"reference": null, "created_at": "2018-12-08T21:26:19.948Z", "available": false, "title": "Moussolou", "picture": "", "artists": [15]}}, {"model": "store.album", "pk": 19, "fields": {"reference": null, "created_at": "2018-12-10T22:25:10.197Z", "available": false, "title": "Dakan", "picture": "", "artists": [16]}}, {"model": "store.album", "pk": 20, "fields": {"reference": null, "created_at": "2018-12-10T22:30:42.827Z", "available": false, "title": "Tadjibone", "picture": "", "artists": [17]}}, {"model": "store.album", "pk": 21, "fields": {"reference": 21, "created_at": "2018-12-17T01:33:48.166Z", "available": true, "title": "Birma", "picture": "https://www.jumia.ci/fashion-boubou-a-capuche-homme-jauneblanc-6910284.html", "artists": [18]}}, {"model": "store.album", "pk": 27, "fields": {"reference": null, "created_at": "2018-12-22T22:46:59.264Z", "available": true, "title": "Utopie ou la mort", "picture": " http://img.over-blog-kiwi.com/300x300/1/17/72/96/20160520/ob_f41fe3_utopie11.jpg", "artists": [23]}}, {"model": "store.album", "pk": 28, "fields": {"reference": null, "created_at": "2019-01-12T23:39:35.001Z", "available": false, "title": "Citation", "picture": "file:///home/soundiata/Images/1814-600x420.jpg", "artists": [25]}}, {"model": "store.album", "pk": 30, "fields": {"reference": null, "created_at": "2019-03-04T18:26:34.003Z", "available": true, "title": "Another day in paradise", "picture": "/", "artists": [28]}}, {"model": "store.album", "pk": 31, "fields": {"reference": 31, "created_at": "2019-03-05T13:40:25.569Z", "available": true, "title": "wake me up", "picture": "http://www.okayplayer.com/wp-content/uploads/2013/10/aloe-blacc-wake-me-up-video-lead.jpg", "artists": [29]}}, {"model": "store.album", "pk": 33, "fields": {"reference": 33, "created_at": "2019-03-06T19:44:27.030Z", "available": true, "title": "spaceX", "picture": "https://encrypted-tbn0.gstatic.com/images?q=tbn:ANd9GcRFY39inhiA75Uji9ANNn0Akvm2sDpsUvSkOgQ5RC7KluVgbLmQ", "artists": [30]}}, {"model": "store.booking", "pk": 10, "fields": {"created_at": "2018-12-16T00:04:49.296Z", "contacted": false, "album": 7, "contact": 6}}, {"model": "store.booking", "pk": 11, "fields": {"created_at": "2019-03-04T15:34:07.338Z", "contacted": false, "album": 28, "contact": 8}}, {"model": "store.booking", "pk": 12, "fields": {"created_at": "2019-03-04T17:41:15.134Z", "contacted": false, "album": 21, "contact": 9}}, {"model": "store.booking", "pk": 13, "fields": {"created_at": "2019-03-08T03:01:46.620Z", "contacted": false, "album": 12, "contact": 10}}, {"model": "store.booking", "pk": 14, "fields": {"created_at": "2019-03-08T17:41:05.818Z", "contacted": false, "album": 3, "contact": 11}}, {"model": "store.booking", "pk": 15, "fields": {"created_at": "2019-03-08T17:51:31.367Z", "contacted": false, "album": 2, "contact": 12}}, {"model": "contenttypes.contenttype", "pk": 1, "fields": {"app_label": "admin", "model": "logentry"}}, {"model": "contenttypes.contenttype", "pk": 2, "fields": {"app_label": "auth", "model": "permission"}}, {"model": "contenttypes.contenttype", "pk": 3, "fields": {"app_label": "auth", "model": "group"}}, {"model": "contenttypes.contenttype", "pk": 4, "fields": {"app_label": "auth", "model": "user"}}, {"model": "contenttypes.contenttype", "pk": 5, "fields": {"app_label": "contenttypes", "model": "contenttype"}}, {"model": "contenttypes.contenttype", "pk": 6, "fields": {"app_label": "sessions", "model": "session"}}, {"model": "contenttypes.contenttype", "pk": 7, "fields": {"app_label": "store", "model": "album"}}, {"model": "contenttypes.contenttype", "pk": 8, "fields": {"app_label": "store", "model": "artist"}}, {"model": "contenttypes.contenttype", "pk": 9, "fields": {"app_label": "store", "model": "booking"}}, {"model": "contenttypes.contenttype", "pk": 10, "fields": {"app_label": "store", "model": "contact"}}, {"model": "sessions.session", "pk": "5pv43pm3u1yacvwxg6hlx9h169xzbure", "fields": {"session_data": "ZDJiMDVjMWUwYzZkMGZhM2UxNDI2ZjNjMzljMWE1ZThlZDM4OWY1ZTp7Il9hdXRoX3VzZXJfaWQiOiIxIiwiX2F1dGhfdXNlcl9iYWNrZW5kIjoiZGphbmdvLmNvbnRyaWIuYXV0aC5iYWNrZW5kcy5Nb2RlbEJhY2tlbmQiLCJfYXV0aF91c2VyX2hhc2giOiI1YTA4ZDVmZTM3ZDM3MzY0N2ViOTNkZjlmMjNiMzAzMDJjNDU2NGYxIn0=", "expire_date": "2019-02-14T12:33:05.121Z"}}, {"model": "sessions.session", "pk": "a754bhbj4whsmjd2jgt9435ziymi239c", "fields": {"session_data": "ZDJiMDVjMWUwYzZkMGZhM2UxNDI2ZjNjMzljMWE1ZThlZDM4OWY1ZTp7Il9hdXRoX3VzZXJfaWQiOiIxIiwiX2F1dGhfdXNlcl9iYWNrZW5kIjoiZGphbmdvLmNvbnRyaWIuYXV0aC5iYWNrZW5kcy5Nb2RlbEJhY2tlbmQiLCJfYXV0aF91c2VyX2hhc2giOiI1YTA4ZDVmZTM3ZDM3MzY0N2ViOTNkZjlmMjNiMzAzMDJjNDU2NGYxIn0=", "expire_date": "2019-01-03T02:24:48.498Z"}}, {"model": "sessions.session", "pk": "h07gxjurrt089312vej2xky12f123362", "fields": {"session_data": "ZDJiMDVjMWUwYzZkMGZhM2UxNDI2ZjNjMzljMWE1ZThlZDM4OWY1ZTp7Il9hdXRoX3VzZXJfaWQiOiIxIiwiX2F1dGhfdXNlcl9iYWNrZW5kIjoiZGphbmdvLmNvbnRyaWIuYXV0aC5iYWNrZW5kcy5Nb2RlbEJhY2tlbmQiLCJfYXV0aF91c2VyX2hhc2giOiI1YTA4ZDVmZTM3ZDM3MzY0N2ViOTNkZjlmMjNiMzAzMDJjNDU2NGYxIn0=", "expire_date": "2018-12-18T17:16:00.478Z"}}, {"model": "sessions.session", "pk": "ukn1tyzcm95yojw2u8jp1hv7yntnn09m", "fields": {"session_data": "ZDJiMDVjMWUwYzZkMGZhM2UxNDI2ZjNjMzljMWE1ZThlZDM4OWY1ZTp7Il9hdXRoX3VzZXJfaWQiOiIxIiwiX2F1dGhfdXNlcl9iYWNrZW5kIjoiZGphbmdvLmNvbnRyaWIuYXV0aC5iYWNrZW5kcy5Nb2RlbEJhY2tlbmQiLCJfYXV0aF91c2VyX2hhc2giOiI1YTA4ZDVmZTM3ZDM3MzY0N2ViOTNkZjlmMjNiMzAzMDJjNDU2NGYxIn0=", "expire_date": "2019-03-20T23:53:40.669Z"}}, {"model": "auth.permission", "pk": 1, "fields": {"name": "Can add log entry", "content_type": 1, "codename": "add_logentry"}}, {"model": "auth.permission", "pk": 2, "fields": {"name": "Can change log entry", "content_type": 1, "codename": "change_logentry"}}, {"model": "auth.permission", "pk": 3, "fields": {"name": "Can delete log entry", "content_type": 1, "codename": "delete_logentry"}}, {"model": "auth.permission", "pk": 4, "fields": {"name": "Can view log entry", "content_type": 1, "codename": "view_logentry"}}, {"model": "auth.permission", "pk": 5, "fields": {"name": "Can add permission", "content_type": 2, "codename": "add_permission"}}, {"model": "auth.permission", "pk": 6, "fields": {"name": "Can change permission", "content_type": 2, "codename": "change_permission"}}, {"model": "auth.permission", "pk": 7, "fields": {"name": "Can delete permission", "content_type": 2, "codename": "delete_permission"}}, {"model": "auth.permission", "pk": 8, "fields": {"name": "Can view permission", "content_type": 2, "codename": "view_permission"}}, {"model": "auth.permission", "pk": 9, "fields": {"name": "Can add group", "content_type": 3, "codename": "add_group"}}, {"model": "auth.permission", "pk": 10, "fields": {"name": "Can change group", "content_type": 3, "codename": "change_group"}}, {"model": "auth.permission", "pk": 11, "fields": {"name": "Can delete group", "content_type": 3, "codename": "delete_group"}}, {"model": "auth.permission", "pk": 12, "fields": {"name": "Can view group", "content_type": 3, "codename": "view_group"}}, {"model": "auth.permission", "pk": 13, "fields": {"name": "Can add user", "content_type": 4, "codename": "add_user"}}, {"model": "auth.permission", "pk": 14, "fields": {"name": "Can change user", "content_type": 4, "codename": "change_user"}}, {"model": "auth.permission", "pk": 15, "fields": {"name": "Can delete user", "content_type": 4, "codename": "delete_user"}}, {"model": "auth.permission", "pk": 16, "fields": {"name": "Can view user", "content_type": 4, "codename": "view_user"}}, {"model": "auth.permission", "pk": 17, "fields": {"name": "Can add content type", "content_type": 5, "codename": "add_contenttype"}}, {"model": "auth.permission", "pk": 18, "fields": {"name": "Can change content type", "content_type": 5, "codename": "change_contenttype"}}, {"model": "auth.permission", "pk": 19, "fields": {"name": "Can delete content type", "content_type": 5, "codename": "delete_contenttype"}}, {"model": "auth.permission", "pk": 20, "fields": {"name": "Can view content type", "content_type": 5, "codename": "view_contenttype"}}, {"model": "auth.permission", "pk": 21, "fields": {"name": "Can add session", "content_type": 6, "codename": "add_session"}}, {"model": "auth.permission", "pk": 22, "fields": {"name": "Can change session", "content_type": 6, "codename": "change_session"}}, {"model": "auth.permission", "pk": 23, "fields": {"name": "Can delete session", "content_type": 6, "codename": "delete_session"}}, {"model": "auth.permission", "pk": 24, "fields": {"name": "Can view session", "content_type": 6, "codename": "view_session"}}, {"model": "auth.permission", "pk": 25, "fields": {"name": "Can add album", "content_type": 7, "codename": "add_album"}}, {"model": "auth.permission", "pk": 26, "fields": {"name": "Can change album", "content_type": 7, "codename": "change_album"}}, {"model": "auth.permission", "pk": 27, "fields": {"name": "Can delete album", "content_type": 7, "codename": "delete_album"}}, {"model": "auth.permission", "pk": 28, "fields": {"name": "Can view album", "content_type": 7, "codename": "view_album"}}, {"model": "auth.permission", "pk": 29, "fields": {"name": "Can add artist", "content_type": 8, "codename": "add_artist"}}, {"model": "auth.permission", "pk": 30, "fields": {"name": "Can change artist", "content_type": 8, "codename": "change_artist"}}, {"model": "auth.permission", "pk": 31, "fields": {"name": "Can delete artist", "content_type": 8, "codename": "delete_artist"}}, {"model": "auth.permission", "pk": 32, "fields": {"name": "Can view artist", "content_type": 8, "codename": "view_artist"}}, {"model": "auth.permission", "pk": 33, "fields": {"name": "Can add booking", "content_type": 9, "codename": "add_booking"}}, {"model": "auth.permission", "pk": 34, "fields": {"name": "Can change booking", "content_type": 9, "codename": "change_booking"}}, {"model": "auth.permission", "pk": 35, "fields": {"name": "Can delete booking", "content_type": 9, "codename": "delete_booking"}}, {"model": "auth.permission", "pk": 36, "fields": {"name": "Can view booking", "content_type": 9, "codename": "view_booking"}}, {"model": "auth.permission", "pk": 37, "fields": {"name": "Can add contact", "content_type": 10, "codename": "add_contact"}}, {"model": "auth.permission", "pk": 38, "fields": {"name": "Can change contact", "content_type": 10, "codename": "change_contact"}}, {"model": "auth.permission", "pk": 39, "fields": {"name": "Can delete contact", "content_type": 10, "codename": "delete_contact"}}, {"model": "auth.permission", "pk": 40, "fields": {"name": "Can view contact", "content_type": 10, "codename": "view_contact"}}, {"model": "auth.user", "pk": 1, "fields": {"password": "pbkdf2_sha256$120000$aJSYNb61AFjN$gpKvBi37TV/tW+Vxu33upzTuokwuB3Fgi96gLarMMZg=", "last_login": "2019-03-06T23:53:40.580Z", "is_superuser": true, "username": "soundiata", "first_name": "", "last_name": "", "email": "yabakoba@gmail.com", "is_staff": true, "is_active": true, "date_joined": "2018-12-04T17:15:11.557Z", "groups": [], "user_permissions": []}}, {"model": "admin.logentry", "pk": 1, "fields": {"action_time": "2018-12-08T20:30:38.940Z", "user": 1, "content_type": 7, "object_id": "15", "object_repr": "", "action_flag": 3, "change_message": ""}}, {"model": "admin.logentry", "pk": 2, "fields": {"action_time": "2018-12-08T21:41:34.575Z", "user": 1, "content_type": 8, "object_id": "15", "object_repr": "Salif Keita", "action_flag": 2, "change_message": "[]"}}, {"model": "admin.logentry", "pk": 3, "fields": {"action_time": "2018-12-09T22:55:31.024Z", "user": 1, "content_type": 7, "object_id": "17", "object_repr": "", "action_flag": 3, "change_message": ""}}, {"model": "admin.logentry", "pk": 4, "fields": {"action_time": "2018-12-09T22:55:57.310Z", "user": 1, "content_type": 7, "object_id": "18", "object_repr": "", "action_flag": 3, "change_message": ""}}, {"model": "admin.logentry", "pk": 5, "fields": {"action_time": "2018-12-16T00:08:18.756Z", "user": 1, "content_type": 10, "object_id": "3", "object_repr": "nmbyfytfvtyfrtcyvgfvfgyhvvhhhhhhhhhhhhhhhhhhhhhhhhhhhhhhhhhhhhhhhhhhhhhhhhhhhhhhhhhhhhhhhhhhhhhhhhhh", "action_flag": 3, "change_message": ""}}, {"model": "admin.logentry", "pk": 6, "fields": {"action_time": "2018-12-16T00:08:27.907Z", "user": 1, "content_type": 10, "object_id": "5", "object_repr": "ld;skmfop", "action_flag": 3, "change_message": ""}}, {"model": "admin.logentry", "pk": 7, "fields": {"action_time": "2018-12-16T00:08:35.643Z", "user": 1, "content_type": 10, "object_id": "4", "object_repr": "hjgbyu", "action_flag": 3, "change_message": ""}}, {"model": "admin.logentry", "pk": 8, "fields": {"action_time": "2018-12-16T00:08:51.469Z", "user": 1, "content_type": 10, "object_id": "2", "object_repr": "jhdsgf", "action_flag": 3, "change_message": ""}}, {"model": "admin.logentry", "pk": 9, "fields": {"action_time": "2018-12-17T01:11:42.337Z", "user": 1, "content_type": 9, "object_id": "1", "object_repr": "saragone", "action_flag": 3, "change_message": ""}}, {"model": "admin.logentry", "pk": 10, "fields": {"action_time": "2018-12-17T01:15:32.205Z", "user": 1, "content_type": 7, "object_id": "7", "object_repr": "Mogoya", "action_flag": 2, "change_message": "[{\"changed\": {\"fields\": [\"reference\", \"picture\"]}}]"}}, {"model": "admin.logentry", "pk": 11, "fields": {"action_time": "2018-12-17T01:20:08.298Z", "user": 1, "content_type": 7, "object_id": "12", "object_repr": "Gambia", "action_flag": 2, "change_message": "[{\"changed\": {\"fields\": [\"reference\", \"picture\"]}}]"}}, {"model": "admin.logentry", "pk": 12, "fields": {"action_time": "2018-12-20T22:31:42.407Z", "user": 1, "content_type": 7, "object_id": "1", "object_repr": "Sarbacane", "action_flag": 2, "change_message": "[{\"changed\": {\"fields\": [\"reference\", \"picture\"]}}]"}}, {"model": "admin.logentry", "pk": 13, "fields": {"action_time": "2018-12-20T22:42:20.665Z", "user": 1, "content_type": 7, "object_id": "22", "object_repr": "", "action_flag": 3, "change_message": ""}}, {"model": "admin.logentry", "pk": 46, "fields": {"action_time": "2018-12-20T23:03:31.194Z", "user": 1, "content_type": 7, "object_id": "23", "object_repr": "Guinee Bissau", "action_flag": 2, "change_message": "[{\"changed\": {\"fields\": [\"reference\", \"picture\", \"artists\"]}}]"}}, {"model": "admin.logentry", "pk": 47, "fields": {"action_time": "2018-12-20T23:04:53.959Z", "user": 1, "content_type": 7, "object_id": "23", "object_repr": "Guinee Bissau", "action_flag": 2, "change_message": "[{\"changed\": {\"fields\": [\"picture\"]}}]"}}, {"model": "admin.logentry", "pk": 48, "fields": {"action_time": "2018-12-20T23:58:55.578Z", "user": 1, "content_type": 7, "object_id": "24", "object_repr": "Guinee Bissau", "action_flag": 3, "change_message": ""}}, {"model": "admin.logentry", "pk": 49, "fields": {"action_time": "2018-12-20T23:59:13.205Z", "user": 1, "content_type": 7, "object_id": "23", "object_repr": "Guinee Bissau", "action_flag": 3, "change_message": ""}}, {"model": "admin.logentry", "pk": 50, "fields": {"action_time": "2018-12-22T23:51:58.441Z", "user": 1, "content_type": 7, "object_id": "26", "object_repr": "", "action_flag": 3, "change_message": ""}}, {"model": "admin.logentry", "pk": 51, "fields": {"action_time": "2018-12-23T00:01:01.092Z", "user": 1, "content_type": 7, "object_id": "25", "object_repr": "Guinee Bissau", "action_flag": 3, "change_message": ""}}, {"model": "admin.logentry", "pk": 52, "fields": {"action_time": "2018-12-26T21:35:58.853Z", "user": 1, "content_type": 10, "object_id": "7", "object_repr": "Kwameh Nkurumah", "action_flag": 1, "change_message": "[{\"added\": {}}]"}}, {"model": "admin.logentry", "pk": 53, "fields": {"action_time": "2019-03-07T01:37:19.253Z", "user": 1, "content_type": 7, "object_id": "33", "object_repr": "spaceX", "action_flag": 2, "change_message": "[{\"changed\": {\"fields\": [\"reference\", \"picture\"]}}]"}}, {"model": "admin.logentry", "pk": 54, "fields": {"action_time": "2019-03-07T01:39:52.523Z", "user": 1, "content_type": 7, "object_id": "2", "object_repr": "La Dalle", "action_flag": 2, "change_message": "[{\"changed\": {\"fields\": [\"reference\", \"picture\"]}}]"}}, {"model": "admin.logentry", "pk": 55, "fields": {"action_time": "2019-03-07T01:47:26.833Z", "user": 1, "content_type": 7, "object_id": "2", "object_repr": "La Dalle", "action_flag": 2, "change_message": "[{\"changed\": {\"fields\": [\"picture\"]}}]"}}, {"model": "admin.logentry", "pk": 56, "fields": {"action_time": "2019-03-07T01:50:09.550Z", "user": 1, "content_type": 7, "object_id": "31", "object_repr": "wake me up", "action_flag": 2, "change_message": "[{\"changed\": {\"fields\": [\"reference\", \"picture\"]}}]"}}, {"model": "admin.logentry", "pk": 57, "fields": {"action_time": "2019-03-13T00:17:46.800Z", "user": 1, "content_type": 7, "object_id": "21", "object_repr": "Birma", "action_flag": 2, "change_message": "[{\"changed\": {\"fields\": [\"reference\", \"picture\"]}}]"}}, {"model": "admin.logentry", "pk": 58, "fields": {"action_time": "2019-03-13T02:10:16.233Z", "user": 1, "content_type": 7, "object_id": "34", "object_repr": "baba ni koongo", "action_flag": 2, "change_message": "[{\"changed\": {\"fields\": [\"reference\"]}}]"}}, {"model": "admin.logentry", "pk": 59, "fields": {"action_time": "2019-03-13T02:11:07.179Z", "user": 1, "content_type": 7, "object_id": "34", "object_repr": "baba ni koongo", "action_flag": 2, "change_message": "[{\"changed\": {\"fields\": [\"picture\"]}}]"}}, {"model": "admin.logentry", "pk": 60, "fields": {"action_time": "2019-03-13T02:11:23.789Z", "user": 1, "content_type": 7, "object_id": "34", "object_repr": "baba ni koongo", "action_flag": 2, "change_message": "[{\"changed\": {\"fields\": [\"picture\"]}}]"}}, {"model": "admin.logentry", "pk": 61, "fields": {"action_time": "2019-03-13T02:34:06.324Z", "user": 1, "content_type": 8, "object_id": "31", "object_repr": "tiken", "action_flag": 3, "change_message": ""}}, {"model": "admin.logentry", "pk": 62, "fields": {"action_time": "2019-03-14T22:10:50.042Z", "user": 1, "content_type": 8, "object_id": "33", "object_repr": "tiken", "action_flag": 3, "change_message": ""}}]